{"stats":{"minecraft:killed_by":{"minecraft:zombie":1},"minecraft:mined":{"biomesoplenty:sprout":1,"minecraft:fern":1},"minecraft:custom":{"minecraft:jump":300,"minecraft:time_since_rest":20114,"minecraft:damage_taken":375,"minecraft:walk_one_cm":11549,"minecraft:crouch_one_cm":673,"minecraft:leave_game":2,"minecraft:sprint_one_cm":46997,"minecraft:play_time":35204,"minecraft:time_since_death":13520,"minecraft:deaths":1,"minecraft:sneak_time":57,"minecraft:total_world_time":35204,"minecraft:fly_one_cm":135434,"minecraft:fall_one_cm":12639}},"DataVersion":3465}